station,zone,postcode,lat,long,easting,northing,value
Abbey Road,3,E15 3NB,51.531952,0.003738,539081,183352,7
Abbey Wood,4,SE2 9RH,51.490784,0.120286,547297,179002,7
Acton,3,W3 0BP,51.516887,-0.267676,520296,181196,148
Acton Central,2,W3 6BD,51.508758,-0.263416,520613,180299,7
Acton Town,3,W3 8HN,51.503071,-0.280288,519457,179639,3
Addington Village,"3,4,5,6",CR0 5AR,51.356239,-0.032651,537082,163744,55
Addiscombe,"3,4,5,6",CR0 7AA,51.379808,-0.073199,534190,166290,20
Albany Park,5,DA5 3HP,51.435816,0.126459,547903,172902,55
Aldgate,1,EC3N 1AH,51.514342,-0.075613,533629,181246,148
Aldgate East,1,E1 7PT,51.515082,-0.072987,533809,181333,7
Alexandra Palace,3,N22 7ST,51.598263,-0.120135,530300,190498,55
All Saints,2,E14 0EH,51.510477,-0.01261,538012,180933,20
Alperton,4,HA0 4LL,51.541209,-0.299501,518025,183849,20
Amersham,9,HP6 5AZ,51.674129,-0.606499,496454,198181,20
Ampere Way,"3,4,5,6",CR0 3JX,51.382299,-0.123622,530674,166476,3
Anerley,4,SE20 8AG,51.412517,-0.065123,534656,169942,3
Angel,1,N1 8XB,51.532968,-0.105567,531497,183263,55
Angel Road,4,N18 3AY,51.61242,-0.048718,535204,192202,55
Archway,"2,3",N19 5RQ,51.565491,-0.135107,529356,186827,3
Arena,"3,4,5,6",SE25 4RY,51.391523,-0.058304,535192,167620,7
Arnos Grove,4,N11 1AN,51.61623,-0.134256,529271,192471,3
Arsenal,2,N5 1LP,51.558541,-0.105486,531429,186107,20
Avenue Road,"3,4,5,6",BR3 4NJ,51.406798,-0.049433,535764,169335,148
Baker Street,1,NW1 5LA,51.52313,-0.15689,527965,182078,55
Balham,3,SW12 9SG,51.443183,-0.152671,528482,173195,20
Bank,1,EC3V 3LA,51.513347,-0.088986,532704,181111,20
Banstead,6,SM7 1RB,51.329293,-0.213118,524590,160426,55
Barbican,1,EC1A 4JA,51.520215,-0.097707,532079,181859,7
Barking,4,IG11 8TU,51.539521,0.080846,544405,184343,7
Barkingside,4,IG6 1NB,51.585851,0.088491,544788,189510,7
Barnehurst,6,DA7 6HQ,51.46478,0.160962,550206,176193,7
Barnes,3,SW13 0LW,51.467128,-0.242019,522209,175705,3
Barnes Bridge,3,SW13 0NR,51.472228,-0.252348,521478,176255,148
Barons Court,2,W14 9DP,51.490229,-0.213416,524133,178322,148
Battersea Park,2,SW8 4NB,51.477318,-0.148109,528703,176999,7
Bayswater,1,W2 4QH,51.512111,-0.187887,525845,180799,7
Beckenham Hill,4,SE6 3NU,51.424626,-0.016481,538002,171379,55
Beckenham Junction,4,BR3 1HY,51.410942,-0.025687,537403,169840,55
Beckenham Road,"3,4,5,6",BR3 4RR,51.40953,-0.043378,536177,169650,3
Beckton,3,E6 5NT,51.514377,0.06154,543145,181509,148
Beckton Park,3,E6 5NE,51.508901,0.054836,542697,180887,55
Becontree,5,RM9 4TP,51.539585,0.126895,547598,184442,55
Beddington Lane,"3,4,5,6",CR0 4TF,51.38924,-0.142124,529367,167215,7
Belgrave Walk,"3,4,5,6",CR4 4NY,51.400962,-0.178482,526805,168455,3
Bellingham,3,SE6 3BT,51.433865,-0.020397,537702,172399,20
Belmont,5,SM2 6BH,51.34412,-0.199475,525500,162098,20
Belsize Park,2,NW3 2AL,51.550191,-0.16396,527399,185075,7
Belvedere,5,DA17 6JW,51.491959,0.152048,549498,179197,55
Bermondsey,2,SE16 4RX,51.497961,-0.064316,534461,179445,148
Berrylands,5,KT5 8LT,51.398768,-0.280307,519728,168040,55
Bethnal Green,2,E2 0ET,51.527192,-0.055378,534995,182712,7
Bethnal Green Rail,2,E2 6JL,51.524283,-0.059999,534683,182380,55
Bexley,6,DA5 1AQ,51.440815,0.148218,549399,173502,148
Bexleyheath,5,DA7 4AA,51.46355,0.133377,548294,176000,7
Bickley,5,BR1 2EB,51.40038,0.044318,542304,168799,55
Birkbeck,4,BR3 4TA,51.403863,-0.056272,535297,168996,55
Blackfriars,1,EC4V 4DD,51.511587,-0.102981,531738,180890,7
Blackheath,3,SE3 9LE,51.465408,0.008351,539604,175961,7
Blackhorse Lane,"3,4,5,6",CR0 6NL,51.384746,-0.07052,534362,166844,7
Blackhorse Road,3,E17 6JJ,51.585777,-0.039611,535914,189256,148
Blackwall,2,E14 9QB,51.507832,-0.007221,538394,180649,55
Bond Street,1,W1C 2HU,51.513798,-0.149599,528497,181053,20
Borough,1,SE1 1JX,51.501049,-0.094183,532379,179734,7
Boston Manor,4,TW8 9LQ,51.495766,-0.324733,516391,178755,55
Bounds Green,"3,4",N11 2EU,51.607032,-0.124163,529996,191466,55
Bow Church,2,E3 3AA,51.527615,-0.020485,537414,182824,7
Bow Road,2,E3 4DH,51.527042,-0.024345,537148,182753,7
Bowes Park,"3,4",N22 8NL,51.60725,-0.119778,530299,191498,148
Brent Cross,3,NW11 9UA,51.576599,-0.213321,523905,187927,20
Brentford,4,TW8 9LF,51.487536,-0.309608,517462,177864,3
Brentwood,7,CM14 4EW,51.61361,0.299687,559321,193036,55
Brimsdown,5,EN3 7NA,51.655245,-0.031078,536297,196997,3
Brixton,2,SW9 8HE,51.462737,-0.114538,531076,175437,3
Brockley,2,SE4 2RW,51.46475,-0.037734,536405,175801,20
Bromley North,4,BR1 3NN,51.408942,0.01725,540395,169699,7
Bromley South,5,BR1 1LX,51.400001,0.017374,540431,168705,3
Bromley-by-Bow,"2,3",E3 3BT,51.52484,-0.011668,538034,182532,148
Brondesbury,2,NW6 7QL,51.545262,-0.202824,524718,184460,55
Brondesbury Park,2,NW6 6RP,51.540325,-0.21046,524202,183898,148
Broxbourne,9,EN10 7AW,51.747016,-0.01101,537407,207240,20
Bruce Grove,3,N17 8AD,51.594011,-0.070385,533758,190115,148
Buckhurst Hill,5,IG9 5ET,51.626577,0.046727,541768,193957,3
Burnt Oak,4,HA8 0LA,51.602552,-0.264316,520303,190728,55
Bush Hill Park,5,EN1 1BA,51.641482,-0.069266,533696,195396,7
Bushey,8,WD19 4ST,51.645544,-0.384707,511860,195318,55
Caledonian Road,2,N7 9BA,51.547885,-0.118346,530568,184899,148
Caledonian Road and Barnsbury,2,N1 0SL,51.543285,-0.11519,530800,184393,7
Cambridge Heath,2,E2 7NA,51.53206,-0.057189,534855,183250,55
Camden Road,2,NW1 9LQ,51.541851,-0.139189,529140,184191,55
Camden Town,2,NW1 8NH,51.539969,-0.142438,528920,183976,148
Canada Water,2,SE16 7BB,51.498168,-0.050793,535399,179493,55
Canary Wharf,2,E14 4QS,51.503578,-0.019452,537558,180153,55
Canning Town,3,E16 1DQ,51.51387,0.00832,539454,181350,20
Cannon Street,1,EC4N 6AP,51.511362,-0.090236,532623,180888,20
Canonbury,2,N1 2PG,51.548188,-0.09256,532355,184979,55
Canons Park,5,HA8 6RN,51.607651,-0.294377,518208,191246,20
Carpenders Park,7,WD19 7DT,51.628187,-0.385815,511826,193386,3
Carshalton,5,SM5 2HT,51.368426,-0.166384,527737,164858,20
Carshalton Beeches,5,SM5 3LG,51.357387,-0.169482,527552,163625,20
Castle Bar Park,4,W7 1AY,51.522974,-0.33149,515853,181770,20
Caterham,6,CR3 6LB,51.282163,-0.078593,534099,155422,55
Catford,3,SE6 4XT,51.444265,-0.026524,537245,173544,148
Catford Bridge,3,SE6 4RE,51.444695,-0.024807,537363,173595,20
Centrale,"3,4,5,6",CR0 1XT,51.375767,-0.103874,532067,165785,55
Chadwell Heath,5,RM6 4BE,51.568047,0.128916,547646,187611,7
Chafford Hundred,7,RM16 6QQ,51.485554,0.28749,558922,178770,20
Chalfont and Latimer,8,HP7 9PR,51.667908,-0.561053,499610,197550,7
Chalk Farm,2,NW3 2BP,51.544149,-0.153719,528126,184421,148
Chancery Lane,1,WC1V 6DR,51.518494,-0.111948,531096,181642,7
Charing Cross,1,WC2N 5HS,51.508359,-0.124789,530234,180492,20
Charlton,3,SE7 7AB,51.486835,0.030956,541108,178387,3
Cheam,5,SM3 8RZ,51.35546,-0.214197,524444,163334,148
Chelsfield,6,BR6 6EU,51.356265,0.108998,546944,164021,3
Chesham,9,HP5 1DH,51.70538,-0.611415,496048,201650,7
Cheshunt,8,EN8 9AQ,51.702873,-0.023873,536652,202307,3
Chessington North,6,KT9 2RT,51.364243,-0.300462,518415,164168,3
Chessington South,6,KT9 2DD,51.356705,-0.307075,517974,163319,3
Chigwell,4,IG7 6NT,51.617858,0.076194,543835,193045,3
Chingford,5,E4 6AL,51.633253,0.009529,539173,194628,7
Chipstead,6,CR5 3TD,51.309275,-0.169432,527689,158275,7
Chislehurst,5,BR7 5NN,51.405598,0.057506,543205,169405,3
Chiswick,3,W4 2QE,51.480782,-0.266999,520438,177182,7
Chiswick Park,3,W4 5NE,51.494371,-0.267723,520352,178692,20
Chorleywood,7,WD3 5ND,51.654266,-0.518319,502596,196092,55
Church Street,"3,4,5,6",CR0 1RN,51.373707,-0.104332,532041,165555,148
City Thameslink,1,EC4M 7JH,51.513935,-0.103604,531688,181150,148
Clapham Common,2,SW4 7AJ,51.461804,-0.138301,529428,175291,148
Clapham High Street,2,SW4 6DQ,51.46547,-0.13245,529824,175709,20
Clapham Junction,2,SW11 2QP,51.464367,-0.170301,527198,175520,20
Clapham North,2,SW4 7TS,51.464916,-0.129896,530003,175652,7
Clapham South,"2,3",SW12 9DU,51.452677,-0.14797,528782,174259,7
Clapton,2,E5 9JP,51.561569,-0.057475,534748,186531,3
Clock House,4,BR3 4PR,51.408541,-0.040688,536367,169545,3
Cobham and Stoke D'Abernon,,KT11 3BW,51.318347,-0.389022,512362,158925,55
Cockfosters,5,EN4 0DZ,51.652024,-0.149902,528087,196424,55
Colindale,4,NW9 5HR,51.595231,-0.250273,521295,189937,20
Colliers Wood,3,SW19 2HR,51.418759,-0.177401,526831,170436,20
Coombe Lane,"3,4,5,6",CR0 5RF,51.359789,-0.059517,535201,164089,55
Coulsdon South,6,CR5 3EA,51.315801,-0.137889,529869,159056,148
Covent Garden,1,WC2E 9JT,51.51276,-0.124492,530242,180982,7
Crayford,6,DA1 3PY,51.448547,0.178517,551479,174424,148
Crews Hill,6,EN2 8AY,51.684475,-0.10683,530973,200109,7
Cricklewood,3,NW2 1HL,51.558423,-0.212534,524009,185907,148
Crofton Park,3,SE4 2RA,51.455179,-0.036532,536517,174739,148
Crossharbour and London Arena,2,E14 8AD,51.49584,-0.014918,537896,179301,148
Crouch Hill,3,N4 4AU,51.571327,-0.117119,530586,187508,55
Croxley,7,WD3 3DY,51.647005,-0.441589,507921,195395,148
Crystal Palace,"3,4",SE19 2AZ,51.41817,-0.072593,534120,170557,55
Custom House,3,E16 3BX,51.509622,0.025787,540679,180911,148
Cutty Sark for Maritime Greenwich,2,SE10 9SW,51.481944,-0.010567,538240,177764,7
Cyprus,3,E6 5PH,51.508527,0.063855,543324,180863,55
Dagenham Dock,5,RM9 6RA,51.526287,0.145045,548900,183000,7
Dagenham East,5,RM10 8AA,51.544187,0.165848,550284,185033,148
Dagenham Heathway,5,RM9 5AN,51.541212,0.147694,549035,184665,7
Dalston Junction,2,E8 3DL,51.546094,-0.07498,533580,184778,7
Dalston Kingsland,2,E8 2JS,51.548668,-0.076213,533487,185062,20
Dartford,,DA1 1BP,51.4474,0.218098,554233,174379,7
Debden,6,IG10 3TG,51.645492,0.083816,544275,196133,20
Denmark Hill,2,SE5 8BB,51.468201,-0.090973,532697,176087,55
Deptford,2,SE8 3NU,51.47889,-0.026182,537165,177395,148
Deptford Bridge,"2,3",SE10 8BU,51.474477,-0.022038,537466,176912,7
Devons Road,2,E3 3QX,51.522258,-0.017993,537603,182233,7
Dollis Hill,3,NW10 5NB,51.551851,-0.238783,522207,185132,55
Drayton Green,4,W13 0JX,51.516005,-0.329597,516002,180998,7
Drayton Park,2,N5 1NT,51.553078,-0.105756,531426,185499,55
Dundonald Road,"3,4,5,6",SW19 3QJ,51.417398,-0.207513,524741,170233,3
Ealing Broadway,3,W5 2NU,51.514862,-0.301996,517920,180915,7
Ealing Common,3,W5 3LD,51.510249,-0.287137,518963,180426,7
Earls Court,"1,2",SW5 9QA,51.491357,-0.194299,525457,178480,7
Earlsfield,3,SW18 4SW,51.442239,-0.187258,526081,173030,7
East Acton,2,W12 0BP,51.516263,-0.248098,521656,181159,7
East Croydon,5,CR0 1LF,51.375716,-0.091849,532904,165801,7
East Dulwich,2,SE22 8EF,51.461626,-0.080422,533449,175375,55
East Finchley,3,N2 0NW,51.587333,-0.164729,527242,189204,55
East Ham,"3,4",E6 2JA,51.539246,0.051531,542373,184255,20
East India,"2,3",E14 9PS,51.508684,-0.002356,538729,180753,20
East Putney,"2,3",SW15 6SN,51.45888,-0.210984,524387,174840,20
Eastcote,5,HA5 1QZ,51.576552,-0.396809,511191,187627,55
Eden Park,5,BR3 3HQ,51.390796,-0.026655,537396,167598,20
Edgware,5,HA8 7AW,51.61423,-0.275079,519527,192009,7
Edgware Road (Bakerloo),1,W2 1DY,51.520645,-0.170525,527026,181778,3
Edgware Road (Circle/District/Hammersmith and City),1,NW1 5DH,51.519998,-0.167654,527227,181711,55
Edmonton Green,4,N9 9DX,51.625116,-0.061625,534273,193590,7
Elephant and Castle,"1,2",SE1 6LW,51.495849,-0.100724,531940,179144,7
Elm Park,6,RM12 4RW,51.549125,0.197267,552446,185647,55
Elmers End,4,BR3 4EJ,51.398291,-0.049449,535788,168389,7
Elmstead Woods,4,BR7 5EW,51.417081,0.044244,542247,170656,3
Elstree and Borehamwood,6,WD6 3LS,51.652876,-0.279814,519098,196299,3
Eltham,4,SE9 6UB,51.455662,0.052344,542690,174962,55
Elverson Road,"2,3",SE8 4LA,51.468372,-0.016802,537848,176243,7
Embankment,1,WC2N 6NS,51.507313,-0.122353,530406,180380,7
Emerson Park,6,RM11 2JR,51.569115,0.220237,553971,187918,3
Enfield Chase,5,EN2 7AA,51.652722,-0.09069,532181,196607,7
Enfield Lock,6,EN3 6BW,51.670846,-0.028377,536437,198737,148
Enfield Town,5,EN1 1YB,51.65197,-0.079315,532970,196544,20
Epping,6,CM16 4HW,51.693686,0.11384,546197,201552,3
Epsom Downs,6,KT17 4JX,51.323659,-0.238956,522805,159756,148
Erith,6,DA8 1TY,51.481648,0.174276,551075,178096,7
Essex Road,2,N1 2SU,51.540633,-0.096351,532114,184132,20
Euston,1,NW1 2DU,51.528664,-0.133282,529587,182735,7
Euston Square,1,NW1 2BN,51.528664,-0.133282,529587,182735,7
Ewell East,6,KT17 1QR,51.345244,-0.241489,522571,162152,148
Ewell West,6,KT17 1TU,51.349991,-0.257075,521473,162654,3
Fairlop,4,IG6 3HD,51.59611,0.090608,544902,190655,20
Falconwood,4,SE9 2RN,51.459086,0.078524,544498,175394,7
Farringdon,1,EC1M 6BY,51.520196,-0.104829,531585,181844,55
Feltham,6,TW13 4BY,51.447879,-0.40981,510601,173298,20
Fenchurch Street,1,EC3M 4AJ,51.511567,-0.07854,533434,180932,7
Fieldway,"3,4,5,6",CR0 0QA,51.351317,-0.024489,537665,163212,148
Finchley Central,4,N3 2RY,51.600903,-0.193206,525232,190664,148
Finchley Road,2,NW6 3BS,51.547096,-0.180036,526293,184703,55
Finchley Road and Frognal,2,NW3 5HT,51.55012,-0.183637,526035,185033,55
Finsbury Park,2,N4 3JU,51.564635,-0.105867,531385,186784,20
Forest Gate,3,E7 0QH,51.549316,0.024204,540447,185322,55
Forest Hill,3,SE23 3HD,51.439308,-0.053314,535398,172943,148
Fulham Broadway,2,SW6 1BY,51.480261,-0.19553,525402,177244,20
Fulwell,6,TW2 5NY,51.433943,-0.349424,514832,171841,3
Gallions Reach,3,E6 6FZ,51.509034,0.07179,543873,180935,20
Gants Hill,4,IG2 6UD,51.576553,0.066099,543266,188432,20
George Street,"3,4,5,6",CRO 1LA,51.373966,-0.098704,532432,165594,20
Gidea Park,6,RM2 6BX,51.581866,0.205991,552941,189306,20
Gipsy Hill,3,SE19 1PL,51.42447,-0.083821,533321,171237,3
Gloucester Road,1,SW7 4SF,51.4945,-0.183529,526196,178848,3
Golders Green,3,NW11 7RN,51.572216,-0.19482,525199,187471,7
Goldhawk Road,2,W12 8EG,51.502077,-0.22739,523131,179616,3
Goodge Street,1,W1T 2HF,51.520613,-0.134793,529505,181837,148
Goodmayes,4,IG3 9UH,51.566181,0.111744,546462,187369,55
Gordon Hill,5,EN2 0QU,51.663502,-0.094459,531889,197799,7
Gospel Oak,2,NW5 1LT,51.555405,-0.151287,528263,185677,148
Grange Hill,4,IG7 5QB,51.61348,0.092287,544963,192590,55
Grange Park,5,N21 1RE,51.642623,-0.0973,531753,195472,3
Gravel Hill,"3,4,5,6",CR0 5BJ,51.354543,-0.043107,536359,163536,20
Great Portland Street,1,W1W 5PP,51.523789,-0.143947,528861,182174,20
Green Park,1,W1J 7BX,51.506761,-0.142463,529012,180283,20
Greenford,4,UB6 8PR,51.54198,-0.345864,514808,183861,55
Greenwich,"2,3",SE10 8JQ,51.477548,-0.014849,537956,177267,7
Grove Park,4,SE12 0PW,51.430433,0.022613,540702,172099,55
Gunnersbury,3,W4 5RP,51.491863,-0.27515,519843,178401,148
Hackbridge,4,SM6 7BJ,51.377861,-0.153865,528582,165929,55
Hackney Central,2,E8 1LL,51.547257,-0.055575,534922,184943,148
Hackney Downs,2,E8 1LA,51.549078,-0.060171,534598,185137,20
Hackney Wick,2,E9 5ER,51.543558,-0.025245,537036,184588,148
Hadley Wood,6,EN4 0EJ,51.668403,-0.176567,526197,198199,7
Haggerston,2,E8 4DY,51.538685,-0.075581,533560,183953,148
Hainault,4,IG6 3BD,51.602845,0.094123,545124,191411,3
Hammersmith (District),2,W6 9YA,51.49182,-0.222847,523474,178483,3
Hammersmith (Met.),2,W6 0ED,51.493483,-0.224626,523346,178665,148
Hampstead,2,NW3 1QG,51.556543,-0.178,526408,185757,20
Hampstead Heath,3,NW3 2QD,51.5552,-0.164552,527344,185631,7
Hampton,6,TW12 2HU,51.41588,-0.372121,513299,169797,148
Hampton Court,6,KT8 9AE,51.402294,-0.342743,515376,168332,55
Hampton Wick,6,KT1 4DQ,51.41464,-0.313089,517407,169752,55
Hanger Lane,3,W5 1DL,51.530072,-0.292982,518506,182621,3
Hanwell,4,W7 3EB,51.512186,-0.338037,515426,180560,20
Harlesden,3,NW10 8UT,51.536258,-0.257481,520952,183367,7
Harold Wood,6,RM3 0BL,51.593202,0.234219,554858,190626,20
Harringay,3,N4 1RW,51.577358,-0.105194,531395,188200,7
Harringay Green Lanes,3,N4 2NU,51.577146,-0.098203,531880,188189,7
Harrington Road,"3,4,5,6",SE25 4NF,51.399791,-0.060686,535002,168535,20
Harrow and Wealdstone,5,HA3 7RF,51.592595,-0.334238,515486,189508,3
Harrow-on-the-Hill,5,HA1 1BB,51.579388,-0.336987,515329,188035,55
Hatch End,6,HA5 5LZ,51.609829,-0.369164,513024,191370,3
Hatton Cross,"5,6",TW6 3PF,51.466685,-0.423366,509614,175369,148
Haydons Road,3,SW19 8SL,51.425457,-0.188915,526012,171161,3
Hayes,5,BR2 7EN,51.375737,0.010157,540003,165993,3
Hayes and Harlington,5,UB3 4BX,51.503049,-0.420627,509717,179417,20
Headstone Lane,5,HA2 6NB,51.6025,-0.356893,513892,190574,20
Heathrow Terminal 4,6,TW6 3AA,51.45978,-0.447715,507939,174565,148
Heathrow Terminal 5,6,TW6 2GA,51.470025,-0.490633,504934,175642,20
Heathrow Terminals 1 2 3,6,TW6 1EB,51.471289,-0.452393,507587,175838,20
Hendon,"3,4",NW4 4PT,51.580075,-0.238616,522143,188271,20
Hendon Central,"3,4",NW4 3AS,51.583133,-0.22672,522959,188631,7
Herne Hill,"2,3",SE24 0JW,51.453991,-0.102549,531934,174486,3
Heron Quays,2,E14 4JH,51.503387,-0.021939,537386,180127,55
High Barnet,5,EN5 5RP,51.651688,-0.194151,525027,196310,148
High Street Kensington,1,W8 5SA,51.500729,-0.191552,525622,179527,148
Highams Park,4,E4 9LA,51.608356,-0.000121,538581,191841,3
Highbury and Islington,2,N1 1SE,51.546496,-0.104068,531562,184770,148
Highgate,3,N6 5BH,51.577647,-0.14692,528503,188158,3
Hillingdon,6,UB10 9NR,51.553778,-0.449884,507567,185015,7
Hither Green,3,SE13 5NF,51.452402,-0.000957,538997,174497,7
Holborn,1,WC2B 6AA,51.517236,-0.119826,530553,181488,55
Holland Park,2,W11 3RB,51.507147,-0.206543,524564,180215,148
Holloway Road,2,N7 8HS,51.552816,-0.112921,530930,185457,148
Homerton,2,E9 5SD,51.546595,-0.038498,536108,184901,7
Honor Oak Park,3,SE23 3LE,51.450648,-0.044139,536002,174221,7
Hornchurch,6,RM12 6LS,51.554355,0.218941,553931,186274,55
Hornsey,3,N8 8SE,51.586475,-0.111801,530911,189202,3
Hounslow,5,TW3 3DL,51.462505,-0.361782,513902,174998,148
Hounslow Central,4,TW3 1JG,51.470926,-0.365944,513592,175928,7
Hounslow East,4,TW3 4AB,51.473708,-0.355261,514327,176254,20
Hounslow West,5,TW3 3DH,51.473106,-0.385693,512215,176140,7
Hoxton,"1,2",E2 8HR,51.531392,-0.075571,533582,183142,148
Hyde Park Corner,1,SW1X 7LY,51.502584,-0.15246,528330,179801,20
Ickenham,6,UB10 8PD,51.560825,-0.441565,508127,185811,55
Ilford,4,IG1 4DU,51.559142,0.0687,543501,186501,55
Imperial Wharf,2,SW6 2HA,51.474939,-0.182823,526299,176674,20
Island Gardens,2,E14 3FA,51.48795,-0.010479,538228,178432,55
Isleworth,4,TW7 4BX,51.475037,-0.337314,515570,176430,7
Kenley,6,CR8 5JA,51.3246,-0.101205,532400,160100,3
Kennington,2,SE11 4JQ,51.488662,-0.105056,531660,178337,148
Kensal Green,2,NW10 5JT,51.530524,-0.224699,523241,182784,3
Kensal Rise,2,NW10 3NT,51.534215,-0.220807,523501,183201,148
Kensington (Olympia),2,W14 0NE,51.49788,-0.210365,524324,179178,55
Kent House,4,BR3 1HY,51.412718,-0.045801,535999,170000,55
Kentish Town,2,NW5 2AA,51.55001,-0.140457,529029,185096,3
Kentish Town West,2,NW5 3LD,51.546548,-0.146742,528603,184700,55
Kenton,4,HA3 0XS,51.581496,-0.315202,516833,188304,55
Kew Bridge,3,TW8 0EF,51.490005,-0.288832,518898,178172,20
Kew Gardens,"3,4",TW9 3PZ,51.476789,-0.285367,519173,176708,55
Kidbrooke,3,SE3 9NF,51.46269,0.028315,540999,175697,55
Kilburn,2,NW6 7QL,51.546944,-0.204618,524589,184644,148
Kilburn High Road,2,NW6 7QL,51.537268,-0.191099,525553,183591,55
Kilburn Park,2,NW6 5AD,51.535136,-0.193952,525361,183349,3
King George V,3,E16 2JF,51.502009,0.062221,543231,180135,55
King Henry's Drive,"3,4,5,6",CR0 0LH,51.345364,-0.02025,537978,162558,20
King's Cross,1,N1 9AL,51.530798,-0.122742,530312,182991,20
Kings Cross St. Pancras,1,NW1 2BA,51.530312,-0.123858,530236,182935,20
Kingsbury,4,NW9 9EG,51.584877,-0.278587,519361,188739,148
Kingston,6,KT1 1UJ,51.412642,-0.301127,518244,169549,7
Kingswood,6,KT20 6EN,51.294723,-0.211219,524816,156585,20
Knightsbridge,1,SW3 1ED,51.501355,-0.16065,527765,179650,3
Knockholt,6,TN14 7HR,51.345752,0.130845,548499,162896,7
Ladbroke Grove,2,W10 6HJ,51.517211,-0.210184,524284,181328,55
Ladywell,3,SE13 7XB,51.456192,-0.01923,537716,174884,3
Lambeth North,1,SE1 7XG,51.49913,-0.111754,531165,179489,148
Lancaster Gate,1,W2 4QH,51.511891,-0.175416,526711,180796,20
Langdon Park,2,E14 6NW,51.518884,-0.015199,537807,181863,55
Latimer Road,2,W10 6SZ,51.513958,-0.217445,523789,180954,55
Lebanon Road,"3,4,5,6",CR0 6SF,51.375199,-0.084959,533385,165756,7
Lee,3,SE12 9JG,51.449459,0.013379,540002,174197,7
Leicester Square,1,WC2H 0AP,51.511291,-0.128228,529987,180812,7
Lewisham,"2,3",SE13 7RY,51.464881,-0.012418,538163,175863,7
Leyton,3,E10 5PS,51.558132,-0.006451,538295,186244,20
Leyton Midland Road,3,E10 6JT,51.569364,-0.008052,538150,187490,7
Leytonstone,"3,4",E11 1HE,51.568522,0.009155,539345,187429,7
Leytonstone High Road,3,E11 4RE,51.563807,0.008269,539298,186903,20
Limehouse,2,E14 7JD,51.512312,-0.039366,536150,181087,55
Liverpool Street,1,EC2M 7PR,51.517598,-0.082235,533160,181596,3
Lloyd Park,"3,4,5,6",CR0 5RA,51.364276,-0.080732,533711,164549,20
London Bridge,1,SE1 2SW,51.504674,-0.085991,532937,180152,55
London City Airport,3,E16 2DS,51.50369,0.047887,542231,180294,148
London Fields,2,E8 3PH,51.540719,-0.057685,534795,184212,20
Loughborough Junction,2,SW9 8SA,51.466679,-0.102483,531902,175897,20
Loughton,6,IG10 4PD,51.64157,0.055294,542314,195641,55
Lower Sydenham,4,SE26 5AU,51.424847,-0.033316,536831,171372,148
Maida Vale,2,W9 1JS,51.529995,-0.185418,525967,182792,3
Malden Manor,4,KT3 5PN,51.38461,-0.261106,521101,166497,20
Manor House,"2,3",N4 1BZ,51.570747,-0.095671,532074,187482,20
Manor Park,"3,4",E12 5EP,51.552854,0.045738,541929,185757,20
Mansion House,1,EC4N 6JD,51.512092,-0.094183,532347,180962,55
Marble Arch,1,W1C 2JS,51.513966,-0.158557,527875,181056,148
Maryland,3,E15 1SA,51.545668,0.005696,539175,184881,3
Marylebone,1,NW1 6JJ,51.522397,-0.163478,527510,181985,7
Maze Hill,3,SE10 9XG,51.483014,0.003219,539194,177909,7
Merton Park,"3,4,5,6",SW19 3HA,51.413392,-0.201328,525182,169798,20
Mile End,2,E3 4DH,51.525311,-0.032652,536577,182545,20
Mill Hill Broadway,4,NW7 2JU,51.612871,-0.249523,521300,191900,55
Mill Hill East,4,NW7 1BS,51.608317,-0.209881,524057,191460,55
Mitcham,"3,4,5,6",CR4 4BD,51.397489,-0.170857,527345,168082,7
Mitcham Eastfields,3,CR4 2ND,51.408384,-0.153987,528488,169323,55
Mitcham Junction,4,CR4 4HN,51.393043,-0.157422,528292,167611,148
Monument,1,EC4R 9AA,51.51063,-0.086174,532907,180814,7
Moor Park,"6,7",HA6 2JQ,51.629931,-0.432899,508563,193509,20
Moorgate,1,EC2M 6TX,51.518437,-0.089003,532688,181677,3
Morden,4,SM4 5AZ,51.402186,-0.194838,525664,168563,55
Morden Road,"3,4,5,6",SW19 3BX,51.408872,-0.192791,525788,169310,55
Morden South,4,SM4 5AN,51.396308,-0.200287,525301,167900,7
Mornington Crescent,2,NW1 2JA,51.534362,-0.13873,529193,183359,55
Mortlake,3,SW14 8LN,51.468168,-0.267189,520458,175779,55
Motspur Park,4,KT3 6JJ,51.39532,-0.239425,522581,167724,148
Mottingham,4,SE9 4EN,51.439825,0.050339,542600,173197,55
Mudchute,2,E14 9UW,51.491236,-0.014946,537908,178789,7
Neasden,3,NW10 1PH,51.554628,-0.250101,521415,185422,20
New Addington,"3,4,5,6",CR0 0DE,51.342591,-0.017369,538187,162255,7
New Barnet,5,EN5 1QT,51.648537,-0.172955,526502,195996,55
New Beckenham,4,BR3 1QW,51.416706,-0.035291,536718,170463,20
New Cross,2,SE14 6LD,51.476429,-0.032264,536750,177110,20
New Cross Gate,2,SE14 6AR,51.475265,-0.039515,536250,176967,3
New Eltham,4,SE9 2AB,51.437691,0.070459,544005,172999,148
New Malden,4,KT3 4PX,51.403556,-0.256204,521392,168612,20
New Southgate,4,N11 1QH,51.614094,-0.142995,528672,192218,20
Newbury Park,4,IG2 7RN,51.575638,0.090318,544947,188378,55
Norbiton,5,KT2 7AZ,51.411909,-0.284186,519424,169495,148
Norbury,3,SW16 3RW,51.411189,-0.122785,530650,169690,3
North Acton,"2,3",W3 6UP,51.523432,-0.259715,520831,181937,3
North Dulwich,"2,3",SE21 7BX,51.454482,-0.087904,532950,174567,55
North Ealing,3,W5 3AF,51.517622,-0.288979,518816,181243,55
North Greenwich,"2,3",SE10 0PH,51.500255,0.003601,539168,179827,20
North Harrow,5,HA2 7SR,51.584631,-0.362619,513540,188578,20
North Sheen,3,TW9 4QA,51.46542,-0.286383,519132,175442,55
North Wembley,4,HA0 3NT,51.562396,-0.303934,517663,186198,3
Northfields,3,W13 9QU,51.500492,-0.31505,517051,179296,20
Northolt,5,UB5 4AA,51.548213,-0.368426,513228,184519,55
Northolt Park,5,UB5 4XE,51.557619,-0.35942,513829,185579,7
Northwick Park,4,HA3 0AT,51.578509,-0.318185,516634,187967,3
Northwood,6,HA6 2XL,51.611214,-0.423823,509236,191441,148
Northwood Hills,6,HA6 1NZ,51.600803,-0.409297,510267,190305,20
Norwood Junction,4,SE25 5AG,51.396954,-0.075195,534001,168193,55
Notting Hill Gate,"1,2",W11 3HT,51.509375,-0.195907,525296,180481,7
Nunhead,2,SE15 3XE,51.46658,-0.053665,535293,175975,20
Oakleigh Park,4,EN5 1BU,51.637676,-0.166181,527001,194800,20
Oakwood,5,N14 4UT,51.647638,-0.131839,529349,195968,55
Ockendon,7,RM15 6PD,51.52199,0.290498,559004,182828,55
Old Street,1,EC1V 9NR,51.525581,-0.087609,532764,182474,20
Orpington,6,BR6 0SX,51.37352,0.089043,545500,165900,3
Osterley,4,TW7 4PU,51.481217,-0.352082,514529,177094,20
Oval,2,SE11 4PP,51.481413,-0.113307,531108,177516,3
Oxford Circus,1,W1C 2JS,51.515223,-0.140822,529102,181227,20
Paddington,1,W2 1RH,51.515394,-0.175722,526680,181185,7
Palmers Green,4,N13 4PN,51.618787,-0.110258,530925,192798,3
Park Royal,3,W5 3EL,51.526834,-0.284915,519074,182274,20
Parsons Green,2,SW6 4HU,51.47496,-0.20111,525029,176645,55
Peckham Rye,2,SE15 5DQ,51.469511,-0.069969,534152,176271,148
Penge East,4,SE20 7BQ,51.419975,-0.054481,535374,170791,3
Penge West,4,SE20 8NU,51.418063,-0.060631,534952,170567,148
Perivale,4,UB6 7NP,51.536342,-0.323056,516404,183270,55
Petts Wood,5,BR5 1LZ,51.388599,0.074494,544440,167548,55
Phipps Bridge,"3,4,5,6",CR4 3QN,51.403377,-0.182282,526534,168717,7
Piccadilly Circus,1,W1J 9HS,51.509697,-0.133697,529612,180625,20
Pimlico,1,SW1V 2JA,51.489553,-0.133094,529711,178386,55
Pinner,5,HA5 5LZ,51.592362,-0.381209,512233,189409,20
Plaistow,3,E13 0DY,51.531288,0.017795,540058,183305,3
Plumstead,4,SE18 7EA,51.489792,0.084314,544803,178820,7
Ponders End,5,EN3 4LA,51.642731,-0.034511,536097,195599,7
Pontoon Dock,3,E16 2SB,51.502216,0.03334,541226,180102,7
Poplar,2,E14 0DS,51.507588,-0.017261,537698,180603,7
Preston Road,4,HA3 0PS,51.572104,-0.294958,518260,187292,3
Prince Regent,3,E16 3HE,51.509435,0.033503,541215,180905,148
Pudding Mill Lane,"2,3",E15 2PH,51.534328,-0.012754,537930,183585,7
Purfleet,7,RM16 1PL,51.481173,0.236789,555417,178174,3
Purley,6,CR8 2AP,51.337364,-0.113599,531500,161497,20
Purley Oaks,6,CR2 0ND,51.346989,-0.098801,532503,162594,55
Putney,"2,3",SW15 1RT,51.460953,-0.216589,523992,175061,148
Putney Bridge,2,SW6 3UH,51.467865,-0.209351,524476,175842,20
Queens Park,2,NW6 6HJ,51.534313,-0.204784,524612,183239,55
Queens Road Peckham,2,SE15 2JR,51.474285,-0.057341,535015,176825,55
Queensbury,4,HA8 5NP,51.593883,-0.286317,518802,189728,148
Queenstown Road,2,SW8 3RX,51.474959,-0.147341,528763,176738,3
Queensway,1,W2 4SS,51.510449,-0.187405,525883,180615,7
Radlett,,WD7 7AP,51.685413,-0.317973,516375,199856,55
Rainham,6,RM13 9YH,51.51734,0.190706,552097,182099,148
Ravensbourne,4,BR3 5HE,51.41387,-0.006923,538699,170201,7
Ravenscourt Park,2,W6 0UG,51.494068,-0.235955,522558,178711,148
Rayners Lane,5,HA5 5EG,51.575397,-0.371046,512979,187538,148
Raynes Park,4,SW20 8NE,51.409375,-0.229899,523206,169303,7
Rectory Road,2,N16 7QB,51.558763,-0.068371,534001,186199,3
Redbridge,4,IG4 5BG,51.576367,0.045408,541833,188371,3
Reedham,6,CR8 2DG,51.331442,-0.123388,530835,160821,20
Reeves Corner,"3,4,5,6",CR0 1XP,51.375277,-0.106365,531895,165726,20
Regents Park,1,NW1 5HA,51.523811,-0.14533,528765,182174,7
Richmond,4,TW9 2AZ,51.463233,-0.301725,518072,175174,20
Rickmansworth,7,WD3 1QY,51.640323,-0.47367,505717,194605,3
Riddlesdown,6,CR8 1HN,51.332675,-0.099479,532497,161001,55
Roding Valley,4,IG9 6LN,51.616956,0.044041,541612,192882,20
Romford,6,RM1 1SX,51.574642,0.18307,551377,188455,55
Rotherhithe,2,SE16 4LF,51.501595,-0.052952,535239,179870,148
Royal Albert,3,E16 2QD,51.508494,0.045192,542029,180823,55
Royal Oak,2,W2 6ET,51.518294,-0.188809,525764,181485,7
Royal Victoria,3,E16 1DE,51.509055,0.01798,540139,180833,20
Ruislip,6,HA4 8LD,51.572162,-0.42122,509510,187102,7
Ruislip Gardens,5,HA4 6LG,51.55996,-0.40928,510367,185763,7
Ruislip Manor,6,HA4 9AA,51.573452,-0.412835,510088,187258,55
Russell Square,1,WC1N 1LG,51.523013,-0.124576,530207,182122,20
Sanderstead,6,CR2 0PL,51.348246,-0.093694,532855,162743,20
Sandilands,"3,4,5,6",CR0 5PN,51.375022,-0.078012,533869,165749,148
Selhurst,4,SE25 6LL,51.392186,-0.089885,532993,167636,20
Seven Kings,4,IG3 8RE,51.563993,0.096334,545401,187095,7
Seven Sisters,3,N15 5LA,51.583362,-0.072452,533646,188927,7
Shadwell,2,E1 2QE,51.5113,-0.056905,534936,180942,20
Shenfield,7,CM15 8JD,51.630873,0.329967,561356,195022,55
Shepherds Bush,2,W12 8LH,51.504532,-0.218505,523741,179904,55
Shepherds Bush Market,2,W12 7JD,51.505881,-0.227386,523121,180039,148
Shoreditch High Street,1,E1 6AW,51.523467,-0.077073,533501,182258,148
Shortlands,4,BR2 0JA,51.405602,0.002782,539399,169300,7
Sidcup,5,DA15 7AW,51.434398,0.10333,546300,172698,148
Silver Street,4,N18 1QX,51.615242,-0.072575,533544,192472,55
Slade Green,6,DA8 2NX,51.467748,0.190533,552250,176584,3
Sloane Square,1,SW1W 8BB,51.49236,-0.156474,528080,178657,3
Smitham,6,CR5 2JA,51.322453,-0.134333,530098,159802,7
Snaresbrook,4,E11 1QE,51.580891,0.021478,540161,188828,20
South Acton,3,W3 0DS,51.499686,-0.270201,520166,179279,55
South Bermondsey,2,SE16 2PL,51.487677,-0.05474,535156,178319,148
South Croydon,5,CR2 7PA,51.36275,-0.092503,532896,164358,20
South Ealing,3,W5 4QB,51.501644,-0.307026,517605,179437,55
South Hampstead,2,NW8 0DJ,51.541477,-0.178357,526425,184081,20
South Harrow,5,HA2 8HN,51.56468,-0.35188,514334,186376,7
South Kensington,1,SW7 2NB,51.494071,-0.173909,526865,178817,55
South Kenton,4,HA9 8QT,51.571044,-0.308129,517350,187153,20
South Merton,4,SW20 9JT,51.403241,-0.205536,524917,168662,3
South Quay,2,E14 9SH,51.500864,-0.018446,537636,179853,148
South Ruislip,5,HA4 6TP,51.55689,-0.399101,511080,185437,55
South Tottenham,3,N15 6ND,51.580403,-0.071842,533697,188599,148
South Wimbledon,"3,4",SW19 1DE,51.415361,-0.19196,525828,170033,3
South Woodford,4,E18 1JJ,51.591553,0.027958,540577,190026,148
Southall,4,UB2 4AA,51.505957,-0.378697,512620,179804,55
Southbury,5,EN3 4HW,51.648434,-0.052969,534803,196199,55
Southfields,3,SW18 5RJ,51.444883,-0.206595,524730,173291,3
Southgate,4,N14 5BH,51.632376,-0.127756,529675,194278,148
Southwark,1,SE1 8NW,51.503854,-0.105781,531566,180025,20
St Helier,4,SM4 6SF,51.389912,-0.199,525408,167191,7
St James Street,3,E17 7PJ,51.580609,-0.03279,536402,188694,148
St Johns,2,SE8 4EW,51.468975,-0.023226,537400,176298,3
St Margarets,4,TW1 2LH,51.455206,-0.32131,516732,174250,148
St Mary Cray,6,BR5 3SN,51.394759,0.107232,546698,168298,55
St Pancras,1,NW1 2QP,51.530554,-0.125491,530122,182959,55
St. James's Park,1,SW1H 0BD,51.49961,-0.133864,529629,179503,3
St. Johns Wood,2,NW8 6DN,51.534854,-0.17405,526742,183352,148
St. Pauls,1,EC2V 6AA,51.514835,-0.097557,532105,181261,148
Stamford Brook,2,W6 0SB,51.49445,-0.245232,521913,178738,148
Stamford Hill,3,N16 5AG,51.574448,-0.076654,533381,187928,20
Stanmore,5,HA7 4PD,51.619673,-0.303085,517574,192569,3
Star Lane,3,E16 4SR,51.520604,0.004205,539148,182091,55
Stepney Green,2,E1 4AQ,51.521996,-0.047368,535566,182149,148
Stockwell,2,SW9 9AE,51.472159,-0.122832,530473,176470,55
Stoke Newington,2,N16 6YA,51.564638,-0.072321,533710,186845,20
Stonebridge Park,3,NW10 0RW,51.543987,-0.275386,519690,184197,7
Stoneleigh,5,KT17 2JA,51.363364,-0.248695,522021,164155,55
Stratford,3,E15 1AZ,51.541693,-0.003737,538533,184421,55
Stratford High Street,3,E15 3PA,51.538149,-0.001066,538729,184032,148
Stratford International,3,E15 2LZ,51.544809,-0.008764,538175,184758,55
Strawberry Hill,5,TW1 4PP,51.439748,-0.339603,515500,172502,3
Streatham,3,SW16 6HP,51.425846,-0.132311,529946,171303,55
Streatham Common,3,SW16 5NT,51.418985,-0.135712,529729,170534,55
Streatham Hill,3,SW2 4PA,51.43846,-0.127667,530233,172714,20
Sudbury and Harrow Road,4,HA0 2HA,51.554494,-0.315912,516853,185300,7
Sudbury Hill,4,HA1 3RA,51.55734,-0.336378,515427,185584,55
Sudbury Hill Harrow,4,HA1 3RJ,51.558342,-0.335432,515490,185697,3
Sudbury Town,4,HA0 2LA,51.551397,-0.316329,516832,184955,148
Sundridge Park,4,BR1 3TR,51.413394,0.020379,540599,170200,20
Surbiton,6,KT6 4PE,51.3926,-0.30437,518070,167315,148
Surrey Quays,2,SE16 2UE,51.493267,-0.047516,535641,178954,55
Sutton,5,SM1 1JA,51.359506,-0.191288,526028,163823,20
Sutton Common,4,SM1 3HY,51.375555,-0.196906,525593,165598,7
Swiss Cottage,2,NW3 6HY,51.543035,-0.175612,526611,184259,3
Sydenham,3,SE26 5EU,51.427341,-0.055074,535311,171609,20
Sydenham Hill,3,SE21 7HW,51.432576,-0.080216,533548,172145,20
Syon Lane,4,TW7 5NT,51.481475,-0.326481,516306,177163,7
Tadworth,6,KT20 5SP,51.291628,-0.235994,523097,156199,7
Tattenham Corner,6,KT18 5PR,51.309181,-0.242552,522593,158140,55
Teddington,6,TW11 9AA,51.424498,-0.332691,516019,170817,20
Temple,1,WC2R 2PH,51.511041,-0.113711,530995,180810,55
Thames Ditton,6,KT7 0PA,51.388616,-0.338278,515721,166818,20
Theobalds Grove,7,EN8 7BG,51.692373,-0.034734,535933,201119,148
Therapia Lane,"3,4,5,6",CR0 3DD,51.385686,-0.129003,530290,166843,3
Theydon Bois,6,CM16 7EU,51.672552,0.102905,545509,199180,148
Thornton Heath,4,CR7 8RX,51.398481,-0.100419,532242,168317,7
Tolworth,5,KT5 9NU,51.376843,-0.279606,519834,165603,3
Tooting,3,SW17 9JR,51.419897,-0.160988,527969,170591,7
Tooting Bec,3,SW17 9AH,51.435838,-0.159686,528015,172366,55
Tooting Broadway,3,SW17 0SU,51.427049,-0.16867,527415,171373,7
Tottenham Court Road,1,W1D 2DA,51.516211,-0.131096,529774,181354,7
Tottenham Hale,3,N17 9LR,51.587998,-0.060173,534483,189465,3
Totteridge and Whetstone,4,N20 9QP,51.630247,-0.17934,526111,193951,55
Tower Gateway,1,EC3N 1JL,51.510393,-0.074395,533725,180809,55
Tower Hill,1,EC3N 4DJ,51.510394,-0.076687,533566,180805,148
Tufnell Park,2,N19 5QB,51.556441,-0.137728,529200,185816,3
Tulse Hill,3,SE27 9BW,51.439797,-0.105108,531797,172903,3
Turkey Street,6,EN3 5TT,51.672654,-0.047215,535129,198903,148
Turnham Green,2,W4 1LR,51.495182,-0.25451,521267,178804,3
Turnpike Lane,3,N15 3NX,51.590358,-0.102791,531524,189650,20
Twickenham,5,TW1 1BD,51.450251,-0.328846,516221,173687,7
Upminster,6,RM14 2TD,51.558763,0.251415,556167,186833,55
Upminster Bridge,6,RM12 6PL,51.557719,0.234556,555002,186681,148
Upney,4,IG11 9LS,51.538406,0.101546,545844,184260,148
Upper Holloway,2,N19 4DJ,51.563623,-0.129095,529778,186630,7
Upper Warlingham,6,CR3 0EP,51.308772,-0.077467,534100,158383,20
Upton Park,3,E13 9AP,51.536628,0.034556,541204,183931,3
Uxbridge,6,UB8 1JZ,51.546455,-0.477087,505698,184161,20
Vauxhall,"1,2",SW8 1SR,51.485736,-0.123816,530366,177978,20
Victoria,1,SW1E 5JX,51.496424,-0.143906,528941,179131,55
Waddon,5,CR0 4NA,51.367379,-0.11738,531151,164828,20
Waddon Marsh,"3,4,5,6",CR0 4XT,51.377083,-0.117973,531082,165906,7
Wallington,5,SM6 0DZ,51.360332,-0.150849,528841,163985,148
Waltham Cross,7,EN8 7LU,51.685257,-0.02655,536520,200343,3
Walthamstow Central,3,E17 7LP,51.583018,-0.019926,537286,188986,148
Walthamstow Queens Road,3,E17 7QZ,51.581546,-0.02383,537020,188815,148
Wandle Park,"3,4,5,6",CR0 4JS,51.373401,-0.113239,531422,165505,7
Wandsworth Common,3,SW12 8NL,51.446366,-0.163523,527719,173530,7
Wandsworth Road,2,SW8 4PA,51.470223,-0.139023,529354,176226,3
Wandsworth Town,2,SW18 1SU,51.461034,-0.187896,525985,175119,20
Wanstead,4,E11 2NT,51.574902,0.028775,540685,188176,3
Wanstead Park,3,E7 0HU,51.551778,0.026404,540592,185600,148
Wapping,2,E1W 3PA,51.50434,-0.055846,535030,180170,20
Warren Street,1,NW1 3AA,51.52458,-0.138264,529253,182272,55
Warwick Avenue,2,W9 2PT,51.523104,-0.182939,526158,182030,7
Waterloo,1,SE1 7NY,51.503147,-0.113245,531050,179933,20
Watford,7,WD18 7LE,51.657605,-0.417256,509579,196610,55
Watford High Street,8,WD17 2EG,51.652654,-0.391682,511360,196098,20
Watford Junction,,WD17 1ET,51.663883,-0.396158,511023,197340,20
Wellesley Road,"3,4,5,6",CR0 2DD,51.375368,-0.097511,532511,165752,148
Welling,4,DA16 3AT,51.464777,0.101789,546096,176073,7
Wembley Central,4,HA9 6AG,51.551865,-0.296378,518214,185039,20
Wembley Park,4,HA9 9AA,51.563322,-0.279228,519373,186341,148
Wembley Stadium,4,HA9 8BQ,51.554655,-0.286032,518924,185366,3
West Acton,3,W3 6UP,51.51777,-0.280643,519394,181273,7
West Brompton,2,SW5 9JX,51.487329,-0.195524,525383,178030,7
West Croydon,5,CR0 2TA,51.378552,-0.10202,532188,166098,7
West Drayton,6,UB7 9DY,51.510071,-0.472162,506124,180122,3
West Dulwich,3,SE21 8HN,51.440912,-0.090658,532798,173053,20
West Ealing,3,W13 0NQ,51.513625,-0.319769,516690,180749,3
West Finchley,4,N3 1NT,51.609263,-0.188903,525507,191601,55
West Ham,3,E15 3BN,51.528526,0.005332,539202,182974,148
West Hampstead,2,NW6 2LX,51.547474,-0.191112,525524,184726,20
West Hampstead Thameslink,2,NW6 1XJ,51.548629,-0.192523,525423,184852,3
West Harrow,5,HA1 4HE,51.578924,-0.353832,514163,187957,20
West India Quay,2,E14 4ED,51.506763,-0.020568,537471,180505,7
West Kensington,2,W14 9NL,51.490109,-0.206189,524635,178321,55
West Norwood,3,SE27 0HS,51.431241,-0.103175,531956,171955,3
West Ruislip,6,HA4 7WD,51.569588,-0.437846,508364,186791,148
West Silvertown,3,E16 2AT,51.502884,0.02226,540455,180155,7
West Sutton,5,SM1 2EH,51.36615,-0.20463,525081,164539,7
West Wickham,5,BR4 0PY,51.381284,-0.014562,538266,166563,148
Westbourne Park,2,W11 1AB,51.520989,-0.200868,524920,181764,7
Westcombe Park,3,SE3 7EQ,51.484509,0.01776,540199,178103,7
Westferry,2,E14 8AD,51.509638,-0.026309,537064,180814,55
Westminster,1,SW1A 2JR,51.501402,-0.124988,530240,179718,55
White City,2,W12 7RH,51.512232,-0.224618,523296,180750,3
White Hart Lane,3,N17 7RP,51.605035,-0.070856,533693,191340,148
Whitechapel,2,E1 1BY,51.519588,-0.059406,534738,181859,20
Whitton,5,TW2 7LG,51.449588,-0.357668,514220,173568,7
Whyteleafe,6,CR3 0AD,51.309929,-0.081121,533842,158505,55
Whyteleafe South,6,CR3 0BD,51.30349,-0.076698,534169,157797,20
Willesden Green,"2,3",NW2 4QT,51.549373,-0.222393,523350,184884,7
Willesden Junction,3,NW10 4RA,51.532234,-0.243895,521905,182942,55
Wimbledon,3,SW19 1PS,51.421108,-0.206648,524791,170647,7
Wimbledon Chase,3,SW20 8DB,51.409531,-0.214075,524306,169347,55
Wimbledon Park,3,SW19 7DZ,51.434581,-0.199172,525274,172158,3
Winchmore Hill,4,N21 3NG,51.633887,-0.100902,531529,194494,7
Wood Green,3,N22 8HH,51.597454,-0.109512,531038,190427,55
Wood Lane,2,W12 7DS,51.509658,-0.224458,523314,180464,3
Wood Street,4,E17 3NZ,51.58667,-0.001939,538521,189426,148
Woodford,4,IG8 7QE,51.607202,0.034071,540952,191778,3
Woodgrange Park,"3,4",E7 8AA,51.549053,0.044587,541861,185332,20
Woodmansterne,6,CR5 3HS,51.319019,-0.154248,528720,159385,148
Woodside,"3,4,5,6",SE25 5DP,51.387098,-0.065333,534716,167115,55
Woodside Park,4,N12 8SE,51.617868,-0.185411,525725,192564,7
Woolwich Arsenal,4,SE18 6HX,51.489907,0.069208,543754,178803,55
Woolwich Dockyard,3,SE18 5JY,51.491108,0.054627,542738,178908,3
Worcester Park,4,KT4 7ND,51.381105,-0.245561,522192,166133,148